"","Package","LibPath","Version","Priority","Depends","Imports","LinkingTo","Suggests","Enhances","License","License_is_FOSS","License_restricts_use","OS_type","MD5sum","NeedsCompilation","Built"
"askpass","askpass","/Library/Frameworks/R.framework/Versions/4.3-arm64/Resources/library","1.1",NA,NA,"sys (>= 2.1)",NA,"testthat",NA,"MIT + file LICENSE",NA,NA,NA,NA,"yes","4.3.0"
"backports","backports","/Library/Frameworks/R.framework/Versions/4.3-arm64/Resources/library","1.4.1",NA,"R (>= 3.0.0)",NA,NA,NA,NA,"GPL-2 | GPL-3",NA,NA,NA,NA,"yes","4.3.0"
"base","base","/Library/Frameworks/R.framework/Versions/4.3-arm64/Resources/library","4.3.0","base",NA,NA,NA,"methods",NA,"Part of R 4.3.0",NA,NA,NA,NA,NA,"4.3.0"
"base64enc","base64enc","/Library/Frameworks/R.framework/Versions/4.3-arm64/Resources/library","0.1-3",NA,"R (>= 2.9.0)",NA,NA,NA,"png","GPL-2 | GPL-3",NA,NA,NA,NA,"yes","4.3.0"
"bigD","bigD","/Library/Frameworks/R.framework/Versions/4.3-arm64/Resources/library","0.2.0",NA,"R (>= 3.2.0)",NA,NA,"covr, testthat (>= 3.0.0)",NA,"MIT + file LICENSE",NA,NA,NA,NA,"no","4.3.0"
"bit","bit","/Library/Frameworks/R.framework/Versions/4.3-arm64/Resources/library","4.0.5",NA,"R (>= 2.9.2)",NA,NA,"testthat (>= 0.11.0), roxygen2, knitr, rmarkdown,
microbenchmark, bit64 (>= 4.0.0), ff (>= 4.0.0)",NA,"GPL-2 | GPL-3",NA,NA,NA,NA,"yes","4.3.0"
"bit64","bit64","/Library/Frameworks/R.framework/Versions/4.3-arm64/Resources/library","4.0.5",NA,"R (>= 3.0.1), bit (>= 4.0.0), utils, methods, stats",NA,NA,NA,NA,"GPL-2 | GPL-3",NA,NA,NA,NA,"yes","4.3.0"
"bitops","bitops","/Library/Frameworks/R.framework/Versions/4.3-arm64/Resources/library","1.0-7",NA,NA,NA,NA,NA,NA,"GPL (>= 2)",NA,NA,NA,NA,"yes","4.3.0"
"blob","blob","/Library/Frameworks/R.framework/Versions/4.3-arm64/Resources/library","1.2.4",NA,NA,"methods, rlang, vctrs (>= 0.2.1)",NA,"covr, crayon, pillar (>= 1.2.1), testthat",NA,"MIT + file LICENSE",NA,NA,NA,NA,"no","4.3.0"
"blogdown","blogdown","/Library/Frameworks/R.framework/Versions/4.3-arm64/Resources/library","1.17",NA,"R (>= 3.5.0)","bookdown (>= 0.22), htmltools, httpuv (>= 1.4.0), jsonlite,
knitr (>= 1.25), later, rmarkdown (>= 2.8), servr (>= 0.21),
xfun (>= 0.34), yaml (>= 2.1.19)",NA,"miniUI, processx, rstudioapi, shiny, stringr, testit, tools,
whoami",NA,"GPL-3",NA,NA,NA,NA,"no","4.3.0"
"bookdown","bookdown","/Library/Frameworks/R.framework/Versions/4.3-arm64/Resources/library","0.34",NA,"R (>= 3.5.0)","htmltools (>= 0.3.6), knitr (>= 1.38), rmarkdown (>= 2.14),
jquerylib, xfun (>= 0.39), tinytex (>= 0.12), yaml (>= 2.1.19)",NA,"bslib (>= 0.2.4), downlit (>= 0.4.0), htmlwidgets, jsonlite,
rstudioapi, miniUI, rsconnect (>= 0.4.3), servr (>= 0.13),
shiny, tibble, testit (>= 0.9), tufte, xml2, webshot, testthat
(>= 3.1.0), withr (>= 2.3.0)",NA,"GPL-3",NA,NA,NA,NA,"no","4.3.0"
"boot","boot","/Library/Frameworks/R.framework/Versions/4.3-arm64/Resources/library","1.3-28.1","recommended","R (>= 3.0.0), graphics, stats",NA,NA,"MASS, survival",NA,"Unlimited",NA,NA,NA,NA,"no","4.3.0"
"brio","brio","/Library/Frameworks/R.framework/Versions/4.3-arm64/Resources/library","1.1.3",NA,NA,NA,NA,"covr, testthat (>= 2.1.0)",NA,"MIT + file LICENSE",NA,NA,NA,NA,"yes","4.3.0"
"broom","broom","/Library/Frameworks/R.framework/Versions/4.3-arm64/Resources/library","1.0.4",NA,"R (>= 3.5)","backports, dplyr (>= 1.0.0), ellipsis, generics (>= 0.0.2),
glue, lifecycle, purrr, rlang, stringr, tibble (>= 3.0.0),
tidyr (>= 1.0.0)",NA,"AER, AUC, bbmle, betareg, biglm, binGroup, boot, btergm (>=
1.10.6), car, carData, caret, cluster, cmprsk, coda, covr, drc,
e1071, emmeans, epiR, ergm (>= 3.10.4), fixest (>= 0.9.0), gam
(>= 1.15), gee, geepack, ggplot2, glmnet, glmnetUtils, gmm,
Hmisc, irlba, interp, joineRML, Kendall, knitr, ks, Lahman,
lavaan, leaps, lfe, lm.beta, lme4, lmodel2, lmtest (>= 0.9.38),
lsmeans, maps, maptools, margins, MASS, mclust, mediation,
metafor, mfx, mgcv, mlogit, modeldata, modeltests, muhaz,
multcomp, network, nnet, orcutt (>= 2.2), ordinal, plm, poLCA,
psych, quantreg, rgeos, rmarkdown, robust, robustbase, rsample,
sandwich, sp, spdep (>= 1.1), spatialreg, speedglm, spelling,
survey, survival, systemfit, testthat (>= 2.1.0), tseries,
vars, zoo",NA,"MIT + file LICENSE",NA,NA,NA,NA,"no","4.3.0"
"broom.helpers","broom.helpers","/Library/Frameworks/R.framework/Versions/4.3-arm64/Resources/library","1.14.0",NA,"R (>= 3.4)","broom (>= 0.8), cli, dplyr, labelled, lifecycle, purrr, rlang
(>= 1.0.1), stats, stringr, tibble, tidyr",NA,"betareg, biglm, biglmm, brms (>= 2.13.0), broom.mixed,
cmprsk, covr, datasets, effects, emmeans, fixest (>= 0.10.0),
forcats, gam, gee, geepack, ggplot2, ggeffects, ggstats (>=
0.2.1), glmmTMB, glue, gt, gtsummary (>= 1.6.3), knitr, lavaan,
lfe, lme4 (>= 1.1.28), logitr (>= 0.8.0), marginaleffects (>=
0.10.0), margins, MASS, mgcv, mice, multgee, nnet, ordinal,
parameters, parsnip, patchwork, plm, pscl, rmarkdown, rstanarm,
scales, spelling, survey, survival, testthat, tidycmprsk, VGAM",NA,"GPL (>= 3)",NA,NA,NA,NA,"no","4.3.0"
"bslib","bslib","/Library/Frameworks/R.framework/Versions/4.3-arm64/Resources/library","0.4.2",NA,"R (>= 2.10)","grDevices, htmltools (>= 0.5.4), jsonlite, sass (>= 0.4.0),
jquerylib (>= 0.1.3), rlang, cachem, memoise (>= 2.0.1),
base64enc, mime",NA,"shiny (>= 1.6.0), rmarkdown (>= 2.7), thematic, knitr,
testthat, withr, rappdirs, curl, magrittr, fontawesome, bsicons",NA,"MIT + file LICENSE",NA,NA,NA,NA,"no","4.3.0"
"cachem","cachem","/Library/Frameworks/R.framework/Versions/4.3-arm64/Resources/library","1.0.8",NA,NA,"rlang, fastmap (>= 1.1.1)",NA,"testthat",NA,"MIT + file LICENSE",NA,NA,NA,NA,"yes","4.3.0"
"callr","callr","/Library/Frameworks/R.framework/Versions/4.3-arm64/Resources/library","3.7.3",NA,"R (>= 3.4)","processx (>= 3.6.1), R6, utils",NA,"asciicast, cli (>= 1.1.0), covr, mockery, ps, rprojroot,
spelling, testthat (>= 3.0.0), withr (>= 2.3.0)",NA,"MIT + file LICENSE",NA,NA,NA,NA,"no","4.3.0"
"cellranger","cellranger","/Library/Frameworks/R.framework/Versions/4.3-arm64/Resources/library","1.1.0",NA,"R (>= 3.0.0)","rematch, tibble",NA,"covr, testthat (>= 1.0.0), knitr, rmarkdown",NA,"MIT + file LICENSE",NA,NA,NA,NA,"no","4.3.0"
"checkmate","checkmate","/Library/Frameworks/R.framework/Versions/4.3-arm64/Resources/library","2.2.0",NA,"R (>= 3.0.0)","backports (>= 1.1.0), utils",NA,"R6, fastmatch, data.table (>= 1.9.8), devtools, ggplot2,
knitr, magrittr, microbenchmark, rmarkdown, testthat (>=
3.0.4), tinytest (>= 1.1.0), tibble",NA,"BSD_3_clause + file LICENSE",NA,NA,NA,NA,"yes","4.3.0"
"class","class","/Library/Frameworks/R.framework/Versions/4.3-arm64/Resources/library","7.3-22","recommended","R (>= 3.0.0), stats, utils","MASS",NA,NA,NA,"GPL-2 | GPL-3",NA,NA,NA,NA,"yes","4.3.0"
"cli","cli","/Library/Frameworks/R.framework/Versions/4.3-arm64/Resources/library","3.6.1",NA,"R (>= 3.4)","utils",NA,"callr, covr, crayon, digest, glue (>= 1.6.0), grDevices,
htmltools, htmlwidgets, knitr, methods, mockery, processx, ps
(>= 1.3.4.9000), rlang (>= 1.0.2.9003), rmarkdown, rprojroot,
rstudioapi, testthat, tibble, whoami, withr",NA,"MIT + file LICENSE",NA,NA,NA,NA,"yes","4.3.0"
"clipr","clipr","/Library/Frameworks/R.framework/Versions/4.3-arm64/Resources/library","0.8.0",NA,NA,"utils",NA,"covr, knitr, rmarkdown, rstudioapi (>= 0.5), testthat (>=
2.0.0)",NA,"GPL-3",NA,NA,NA,NA,"no","4.3.0"
"clue","clue","/Library/Frameworks/R.framework/Versions/4.3-arm64/Resources/library","0.3-64",NA,"R (>= 3.2.0)","stats, cluster, graphics, methods",NA,"e1071, lpSolve (>= 5.5.7), quadprog (>= 1.4-8), relations","RWeka, ape, cba, cclust, flexclust, flexmix, kernlab, mclust,
movMF, modeltools","GPL-2",NA,NA,NA,NA,"yes","4.3.0"
"cluster","cluster","/Library/Frameworks/R.framework/Versions/4.3-arm64/Resources/library","2.1.4","recommended","R (>= 3.5.0)","graphics, grDevices, stats, utils",NA,"MASS, Matrix",NA,"GPL (>= 2)",NA,NA,NA,NA,"yes","4.3.0"
"coda","coda","/Library/Frameworks/R.framework/Versions/4.3-arm64/Resources/library","0.19-4",NA,"R (>= 2.14.0)","lattice",NA,NA,NA,"GPL (>= 2)",NA,NA,NA,NA,"no","4.3.0"
"codetools","codetools","/Library/Frameworks/R.framework/Versions/4.3-arm64/Resources/library","0.2-19","recommended","R (>= 2.1)",NA,NA,NA,NA,"GPL",NA,NA,NA,NA,"no","4.3.0"
"colorspace","colorspace","/Library/Frameworks/R.framework/Versions/4.3-arm64/Resources/library","2.1-0",NA,"R (>= 3.0.0), methods","graphics, grDevices, stats",NA,"datasets, utils, KernSmooth, MASS, kernlab, mvtnorm, vcd,
tcltk, shiny, shinyjs, ggplot2, dplyr, scales, grid, png, jpeg,
knitr, rmarkdown, RColorBrewer, rcartocolor, scico, viridis,
wesanderson",NA,"BSD_3_clause + file LICENSE",NA,NA,NA,NA,"yes","4.3.0"
"commonmark","commonmark","/Library/Frameworks/R.framework/Versions/4.3-arm64/Resources/library","1.9.0",NA,NA,NA,NA,"curl, testthat, xml2",NA,"BSD_2_clause + file LICENSE",NA,NA,NA,NA,"yes","4.3.0"
"compiler","compiler","/Library/Frameworks/R.framework/Versions/4.3-arm64/Resources/library","4.3.0","base",NA,NA,NA,NA,NA,"Part of R 4.3.0",NA,NA,NA,NA,NA,"4.3.0"
"conflicted","conflicted","/Library/Frameworks/R.framework/Versions/4.3-arm64/Resources/library","1.2.0",NA,"R (>= 3.2)","cli (>= 3.4.0), memoise, rlang (>= 1.0.0)",NA,"callr, covr, dplyr, Matrix, methods, pkgload, testthat (>=
3.0.0), withr",NA,"MIT + file LICENSE",NA,NA,NA,NA,"no","4.3.0"
"cowplot","cowplot","/Library/Frameworks/R.framework/Versions/4.3-arm64/Resources/library","1.1.1",NA,"R (>= 3.5.0)","ggplot2 (> 2.2.1), grid, gtable, grDevices, methods, rlang,
scales",NA,"Cairo, covr, dplyr, forcats, gridGraphics (>= 0.4-0), knitr,
lattice, magick, maps, PASWR, patchwork, rmarkdown, ragg,
testthat (>= 1.0.0), tidyr, vdiffr (>= 0.3.0), VennDiagram",NA,"GPL-2",NA,NA,NA,NA,"no","4.3.0"
"cpp11","cpp11","/Library/Frameworks/R.framework/Versions/4.3-arm64/Resources/library","0.4.3",NA,NA,NA,NA,"bench, brio, callr, cli, covr, decor, desc, ggplot2, glue,
knitr, lobstr, mockery, progress, rmarkdown, scales, Rcpp,
testthat, tibble, utils, vctrs, withr",NA,"MIT + file LICENSE",NA,NA,NA,NA,"no","4.3.0"
"crayon","crayon","/Library/Frameworks/R.framework/Versions/4.3-arm64/Resources/library","1.5.2",NA,NA,"grDevices, methods, utils",NA,"mockery, rstudioapi, testthat, withr",NA,"MIT + file LICENSE",NA,NA,NA,NA,"no","4.3.0"
"curl","curl","/Library/Frameworks/R.framework/Versions/4.3-arm64/Resources/library","5.0.1",NA,"R (>= 3.0.0)",NA,NA,"spelling, testthat (>= 1.0.0), knitr, jsonlite, rmarkdown,
magrittr, httpuv (>= 1.4.4), webutils",NA,"MIT + file LICENSE",NA,NA,NA,NA,"yes","4.3.0"
"data.table","data.table","/Library/Frameworks/R.framework/Versions/4.3-arm64/Resources/library","1.14.8",NA,"R (>= 3.1.0)","methods",NA,"bit64 (>= 4.0.0), bit (>= 4.0.4), curl, R.utils, xts,
nanotime, zoo (>= 1.8-1), yaml, knitr, rmarkdown",NA,"MPL-2.0 | file LICENSE",NA,NA,NA,NA,"yes","4.3.0"
"DataExplorer","DataExplorer","/Library/Frameworks/R.framework/Versions/4.3-arm64/Resources/library","0.8.2",NA,"R (>= 3.6)","data.table (>= 1.13.4), reshape2 (>= 1.4.3), scales (>=
1.1.0), ggplot2, gridExtra, rmarkdown (>= 2.5), networkD3 (>=
0.4), stats, utils, tools, parallel",NA,"testthat, covr, knitr, jsonlite, nycflights13",NA,"MIT + file LICENSE",NA,NA,NA,NA,"no","4.3.0"
"datasets","datasets","/Library/Frameworks/R.framework/Versions/4.3-arm64/Resources/library","4.3.0","base",NA,NA,NA,NA,NA,"Part of R 4.3.0",NA,NA,NA,NA,NA,"4.3.0"
"DBI","DBI","/Library/Frameworks/R.framework/Versions/4.3-arm64/Resources/library","1.1.3",NA,"methods, R (>= 3.0.0)",NA,NA,"blob, covr, DBItest, dbplyr, downlit, dplyr, glue, hms,
knitr, magrittr, RMariaDB, rmarkdown, rprojroot, RSQLite (>=
1.1-2), testthat, xml2",NA,"LGPL (>= 2.1)",NA,NA,NA,NA,"no","4.3.0"
"dbplyr","dbplyr","/Library/Frameworks/R.framework/Versions/4.3-arm64/Resources/library","2.3.2",NA,"R (>= 3.1)","blob (>= 1.2.0), cli (>= 3.4.1), DBI (>= 1.0.0), dplyr (>=
1.1.0), glue (>= 1.2.0), lifecycle (>= 1.0.3), magrittr,
methods, pillar (>= 1.5.0), purrr (>= 1.0.1), R6 (>= 2.2.2),
rlang (>= 1.0.6), tibble (>= 1.4.2), tidyr (>= 1.3.0),
tidyselect (>= 1.2.0), utils, vctrs (>= 0.5.0), withr",NA,"bit64, covr, knitr, Lahman, nycflights13, odbc, RMariaDB (>=
1.0.2), rmarkdown, RPostgres (>= 1.1.3), RPostgreSQL, RSQLite
(>= 2.2.15), testthat (>= 3.0.2)",NA,"MIT + file LICENSE",NA,NA,NA,NA,"no","4.3.0"
"desc","desc","/Library/Frameworks/R.framework/Versions/4.3-arm64/Resources/library","1.4.2",NA,"R (>= 3.4)","cli, R6, rprojroot, utils",NA,"callr, covr, gh, spelling, testthat, whoami, withr",NA,"MIT + file LICENSE",NA,NA,NA,NA,"no","4.3.0"
"diffdf","diffdf","/Library/Frameworks/R.framework/Versions/4.3-arm64/Resources/library","1.0.4",NA,"R (>= 3.1.2)","tibble",NA,"testthat, lubridate, knitr, rmarkdown, purrr, dplyr, stringi,
stringr, devtools, covr",NA,"MIT + file LICENSE",NA,NA,NA,NA,"no","4.3.0"
"diffobj","diffobj","/Library/Frameworks/R.framework/Versions/4.3-arm64/Resources/library","0.3.5",NA,"R (>= 3.1.0)","crayon (>= 1.3.2), tools, methods, utils, stats",NA,"knitr, rmarkdown",NA,"GPL-2 | GPL-3",NA,NA,NA,NA,"yes","4.3.0"
"digest","digest","/Library/Frameworks/R.framework/Versions/4.3-arm64/Resources/library","0.6.31",NA,"R (>= 3.3.0)","utils",NA,"tinytest, simplermarkdown",NA,"GPL (>= 2)",NA,NA,NA,NA,"yes","4.3.0"
"dplyr","dplyr","/Library/Frameworks/R.framework/Versions/4.3-arm64/Resources/library","1.1.2",NA,"R (>= 3.5.0)","cli (>= 3.4.0), generics, glue (>= 1.3.2), lifecycle (>=
1.0.3), magrittr (>= 1.5), methods, pillar (>= 1.9.0), R6,
rlang (>= 1.1.0), tibble (>= 3.2.0), tidyselect (>= 1.2.0),
utils, vctrs (>= 0.6.0)",NA,"bench, broom, callr, covr, DBI, dbplyr (>= 2.2.1), ggplot2,
knitr, Lahman, lobstr, microbenchmark, nycflights13, purrr,
rmarkdown, RMySQL, RPostgreSQL, RSQLite, stringi (>= 1.7.6),
testthat (>= 3.1.5), tidyr (>= 1.3.0), withr",NA,"MIT + file LICENSE",NA,NA,NA,NA,"yes","4.3.0"
"dtplyr","dtplyr","/Library/Frameworks/R.framework/Versions/4.3-arm64/Resources/library","1.3.1",NA,"R (>= 3.3)","cli (>= 3.4.0), data.table (>= 1.13.0), dplyr (>= 1.1.0),
glue, lifecycle, rlang (>= 1.0.4), tibble, tidyselect (>=
1.2.0), vctrs (>= 0.4.1)",NA,"bench, covr, knitr, rmarkdown, testthat (>= 3.1.2), tidyr (>=
1.1.0), waldo (>= 0.3.1)",NA,"MIT + file LICENSE",NA,NA,NA,NA,"no","4.3.0"
"ellipsis","ellipsis","/Library/Frameworks/R.framework/Versions/4.3-arm64/Resources/library","0.3.2",NA,"R (>= 3.2)","rlang (>= 0.3.0)",NA,"covr, testthat",NA,"MIT + file LICENSE",NA,NA,NA,NA,"yes","4.3.0"
"evaluate","evaluate","/Library/Frameworks/R.framework/Versions/4.3-arm64/Resources/library","0.21",NA,"R (>= 3.0.2)","methods",NA,"covr, ggplot2, lattice, rlang, testthat (>= 3.0.0), withr",NA,"MIT + file LICENSE",NA,NA,NA,NA,"no","4.3.0"
"fansi","fansi","/Library/Frameworks/R.framework/Versions/4.3-arm64/Resources/library","1.0.4",NA,"R (>= 3.1.0)","grDevices, utils",NA,"unitizer, knitr, rmarkdown",NA,"GPL-2 | GPL-3",NA,NA,NA,NA,"yes","4.3.0"
"farver","farver","/Library/Frameworks/R.framework/Versions/4.3-arm64/Resources/library","2.1.1",NA,NA,NA,NA,"covr, testthat (>= 3.0.0)",NA,"MIT + file LICENSE",NA,NA,NA,NA,"yes","4.3.0"
"fastmap","fastmap","/Library/Frameworks/R.framework/Versions/4.3-arm64/Resources/library","1.1.1",NA,NA,NA,NA,"testthat (>= 2.1.1)",NA,"MIT + file LICENSE",NA,NA,NA,NA,"yes","4.3.0"
"fontawesome","fontawesome","/Library/Frameworks/R.framework/Versions/4.3-arm64/Resources/library","0.5.1",NA,"R (>= 3.3.0)","rlang (>= 1.0.6), htmltools (>= 0.5.1.1)",NA,"covr, dplyr (>= 1.0.8), knitr (>= 1.31), testthat (>= 3.0.0),
rsvg",NA,"MIT + file LICENSE",NA,NA,NA,NA,"no","4.3.0"
"forcats","forcats","/Library/Frameworks/R.framework/Versions/4.3-arm64/Resources/library","1.0.0",NA,"R (>= 3.4)","cli (>= 3.4.0), glue, lifecycle, magrittr, rlang (>= 1.0.0),
tibble",NA,"covr, dplyr, ggplot2, knitr, readr, rmarkdown, testthat (>=
3.0.0), withr",NA,"MIT + file LICENSE",NA,NA,NA,NA,"no","4.3.0"
"foreign","foreign","/Library/Frameworks/R.framework/Versions/4.3-arm64/Resources/library","0.8-84","recommended","R (>= 4.0.0)","methods, utils, stats",NA,NA,NA,"GPL (>= 2)",NA,NA,NA,NA,"yes","4.3.0"
"Formula","Formula","/Library/Frameworks/R.framework/Versions/4.3-arm64/Resources/library","1.2-5",NA,"R (>= 2.0.0), stats",NA,NA,NA,NA,"GPL-2 | GPL-3",NA,NA,NA,NA,"no","4.3.0"
"fs","fs","/Library/Frameworks/R.framework/Versions/4.3-arm64/Resources/library","1.6.2",NA,"R (>= 3.4)","methods",NA,"covr, crayon, knitr, pillar (>= 1.0.0), rmarkdown, spelling,
testthat (>= 3.0.0), tibble (>= 1.1.0), vctrs (>= 0.3.0), withr",NA,"MIT + file LICENSE",NA,NA,NA,NA,"yes","4.3.0"
"future","future","/Library/Frameworks/R.framework/Versions/4.3-arm64/Resources/library","1.33.0",NA,NA,"digest, globals (>= 0.16.1), listenv (>= 0.8.0), parallel,
parallelly (>= 1.34.0), utils",NA,"methods, RhpcBLASctl, R.rsp, markdown",NA,"LGPL (>= 2.1)",NA,NA,NA,NA,"no","4.3.0"
"future.apply","future.apply","/Library/Frameworks/R.framework/Versions/4.3-arm64/Resources/library","1.11.0",NA,"R (>= 3.2.0), future (>= 1.28.0)","globals (>= 0.16.1), parallel, utils",NA,"datasets, stats, tools, listenv (>= 0.8.0), R.rsp, markdown",NA,"GPL (>= 2)",NA,NA,NA,NA,"no","4.3.0"
"gargle","gargle","/Library/Frameworks/R.framework/Versions/4.3-arm64/Resources/library","1.4.0",NA,"R (>= 3.5)","cli (>= 3.0.1), fs (>= 1.3.1), glue (>= 1.3.0), httr (>=
1.4.5), jsonlite, lifecycle, openssl, rappdirs, rlang (>=
1.1.0), stats, utils, withr",NA,"aws.ec2metadata, aws.signature, covr, httpuv, knitr,
rmarkdown, sodium, spelling, testthat (>= 3.1.7)",NA,"MIT + file LICENSE",NA,NA,NA,NA,"no","4.3.0"
"generics","generics","/Library/Frameworks/R.framework/Versions/4.3-arm64/Resources/library","0.1.3",NA,"R (>= 3.2)","methods",NA,"covr, pkgload, testthat (>= 3.0.0), tibble, withr",NA,"MIT + file LICENSE",NA,NA,NA,NA,"no","4.3.0"
"ggcorrplot","ggcorrplot","/Library/Frameworks/R.framework/Versions/4.3-arm64/Resources/library","0.1.4.1",NA,"R (>= 3.3), ggplot2 (>= 3.3.6)","reshape2, stats",NA,"testthat (>= 3.0.0), knitr, spelling, vdiffr (>= 1.0.0)",NA,"GPL-2",NA,NA,NA,NA,"no","4.3.0"
"ggplot2","ggplot2","/Library/Frameworks/R.framework/Versions/4.3-arm64/Resources/library","3.4.2",NA,"R (>= 3.3)","cli, glue, grDevices, grid, gtable (>= 0.1.1), isoband,
lifecycle (> 1.0.1), MASS, mgcv, rlang (>= 1.1.0), scales (>=
1.2.0), stats, tibble, vctrs (>= 0.5.0), withr (>= 2.5.0)",NA,"covr, dplyr, ggplot2movies, hexbin, Hmisc, knitr, lattice,
mapproj, maps, maptools, multcomp, munsell, nlme, profvis,
quantreg, ragg, RColorBrewer, rgeos, rmarkdown, rpart, sf (>=
0.7-3), svglite (>= 1.2.0.9001), testthat (>= 3.1.2), vdiffr
(>= 1.0.0), xml2","sp","MIT + file LICENSE",NA,NA,NA,NA,"no","4.3.0"
"ggrepel","ggrepel","/Library/Frameworks/R.framework/Versions/4.3-arm64/Resources/library","0.9.4",NA,"R (>= 3.0.0), ggplot2 (>= 2.2.0)","grid, Rcpp, rlang (>= 0.3.0), scales (>= 0.5.0), withr (>=
2.5.0)","Rcpp","knitr, rmarkdown, testthat, svglite, vdiffr, gridExtra,
devtools, prettydoc, ggbeeswarm, dplyr, magrittr, readr,
stringr",NA,"GPL-3 | file LICENSE",NA,NA,NA,NA,"yes","4.3.1"
"globals","globals","/Library/Frameworks/R.framework/Versions/4.3-arm64/Resources/library","0.16.2",NA,"R (>= 3.1.2)","codetools",NA,NA,NA,"LGPL (>= 2.1)",NA,NA,NA,NA,"no","4.3.0"
"glue","glue","/Library/Frameworks/R.framework/Versions/4.3-arm64/Resources/library","1.6.2",NA,"R (>= 3.4)","methods",NA,"covr, crayon, DBI, dplyr, forcats, ggplot2, knitr, magrittr,
microbenchmark, R.utils, rmarkdown, rprintf, RSQLite, stringr,
testthat (>= 3.0.0), vctrs (>= 0.3.0), waldo (>= 0.3.0), withr",NA,"MIT + file LICENSE",NA,NA,NA,NA,"yes","4.3.0"
"googledrive","googledrive","/Library/Frameworks/R.framework/Versions/4.3-arm64/Resources/library","2.1.0",NA,"R (>= 3.5)","cli (>= 3.0.0), gargle (>= 1.3.0), glue (>= 1.4.2), httr,
jsonlite, lifecycle, magrittr, pillar, purrr (>= 1.0.1), rlang
(>= 1.0.2), tibble (>= 2.0.0), utils, uuid, vctrs (>= 0.3.0),
withr",NA,"covr, curl, downlit, dplyr (>= 1.0.0), knitr, mockr,
rmarkdown, roxygen2, sodium, spelling, testthat (>= 3.1.3)",NA,"MIT + file LICENSE",NA,NA,NA,NA,"no","4.3.0"
"googlesheets4","googlesheets4","/Library/Frameworks/R.framework/Versions/4.3-arm64/Resources/library","1.1.0",NA,"R (>= 3.5)","cellranger, cli (>= 3.0.0), curl, gargle (>= 1.3.0), glue (>=
1.3.0), googledrive (>= 2.1.0), httr, ids, lifecycle, magrittr,
methods, purrr, rematch2, rlang (>= 1.0.2), tibble (>= 2.1.1),
utils, vctrs (>= 0.2.3), withr",NA,"covr, readr, rmarkdown, sodium, spelling, testthat (>= 3.1.7)",NA,"MIT + file LICENSE",NA,NA,NA,NA,"no","4.3.0"
"graphics","graphics","/Library/Frameworks/R.framework/Versions/4.3-arm64/Resources/library","4.3.0","base",NA,"grDevices",NA,NA,NA,"Part of R 4.3.0",NA,NA,NA,NA,"yes","4.3.0"
"grDevices","grDevices","/Library/Frameworks/R.framework/Versions/4.3-arm64/Resources/library","4.3.0","base",NA,NA,NA,"KernSmooth",NA,"Part of R 4.3.0",NA,NA,NA,NA,"yes","4.3.0"
"grid","grid","/Library/Frameworks/R.framework/Versions/4.3-arm64/Resources/library","4.3.0","base",NA,"grDevices, utils",NA,NA,NA,"Part of R 4.3.0",NA,NA,NA,NA,"yes","4.3.0"
"gridExtra","gridExtra","/Library/Frameworks/R.framework/Versions/4.3-arm64/Resources/library","2.3",NA,NA,"gtable, grid, grDevices, graphics, utils",NA,"ggplot2, egg, lattice, knitr, testthat",NA,"GPL (>= 2)",NA,NA,NA,NA,"no","4.3.0"
"gridSVG","gridSVG","/Library/Frameworks/R.framework/Versions/4.3-arm64/Resources/library","1.7-5",NA,NA,"grDevices, graphics, utils, methods, grid, jsonlite, XML",NA,"lattice",NA,"GPL",NA,NA,NA,NA,"no","4.3.0"
"gt","gt","/Library/Frameworks/R.framework/Versions/4.3-arm64/Resources/library","0.9.0",NA,"R (>= 3.2.0)","base64enc (>= 0.1-3), bigD (>= 0.2), bitops (>= 1.0-7), cli
(>= 3.6.0), commonmark (>= 1.8.1), dplyr (>= 1.1.0), fs (>=
1.6.1), glue (>= 1.6.2), htmltools (>= 0.5.4), htmlwidgets (>=
1.6.1), juicyjuice (>= 0.1.0), magrittr (>= 2.0.2), markdown
(>= 1.5), reactable (>= 0.4.3), rlang (>= 1.0.2), sass (>=
0.4.5), scales (>= 1.2.1), tibble (>= 3.1.8), tidyselect (>=
1.2.0), xml2 (>= 1.3.3)",NA,"covr, digest (>= 0.6.31), ggplot2, knitr, lubridate,
paletteer, RColorBrewer, rmarkdown (>= 2.20), rvest, shiny (>=
1.7.4), testthat (>= 3.1.6), tidyr, webshot2 (>= 0.1.0)",NA,"MIT + file LICENSE",NA,NA,NA,NA,"no","4.3.0"
"gtable","gtable","/Library/Frameworks/R.framework/Versions/4.3-arm64/Resources/library","0.3.3",NA,"R (>= 3.5)","cli, glue, grid, lifecycle, rlang (>= 1.1.0)",NA,"covr, ggplot2, knitr, profvis, rmarkdown, testthat (>= 3.0.0)",NA,"MIT + file LICENSE",NA,NA,NA,NA,"no","4.3.0"
"gtsummary","gtsummary","/Library/Frameworks/R.framework/Versions/4.3-arm64/Resources/library","1.7.2",NA,"R (>= 3.4)","broom (>= 1.0.1), broom.helpers (>= 1.13.0), cli (>= 3.1.1),
dplyr (>= 1.1.1), forcats (>= 1.0.0), glue (>= 1.6.2), gt (>=
0.9.0), knitr (>= 1.37), lifecycle (>= 1.0.1), purrr (>=
1.0.1), rlang (>= 1.0.3), stringr (>= 1.4.0), tibble (>=
3.2.1), tidyr (>= 1.1.4), vctrs (>= 0.5.2)",NA,"aod (>= 1.3.1), broom.mixed (>= 0.2.9), car (>= 3.0-11),
cmprsk, covr, effectsize (>= 0.6.0), emmeans (>= 1.7.3),
flextable (>= 0.8.1), geepack, ggstats (>= 0.2.1), Hmisc,
huxtable (>= 5.4.0), insight (>= 0.15.0), kableExtra (>=
1.3.4), lme4, mgcv, mice (>= 3.10.0), nnet, officer, openxlsx,
parameters (>= 0.20.2), parsnip (>= 0.1.7), rmarkdown, sandwich
(>= 3.0.1), scales, smd (>= 0.6.6), spelling (>= 2.2), survey,
survival (>= 3.2-11), testthat (>= 3.0.4), tidycmprsk (>=
0.1.2), workflows (>= 0.2.4)",NA,"MIT + file LICENSE",NA,NA,NA,NA,"no","4.3.0"
"gWQS","gWQS","/Library/Frameworks/R.framework/Versions/4.3-arm64/Resources/library","3.0.4",NA,"R (>= 3.5.0)","ggplot2, dplyr, stats, broom, rlist, MASS, reshape2, plotROC,
knitr, kableExtra, nnet, future, future.apply, pscl, ggrepel,
cowplot, Matrix",NA,"markdown",NA,"GPL (>= 2)",NA,NA,NA,NA,"no","4.3.0"
"haven","haven","/Library/Frameworks/R.framework/Versions/4.3-arm64/Resources/library","2.5.2",NA,"R (>= 3.4)","cli (>= 3.0.0), forcats (>= 0.2.0), hms, lifecycle, methods,
readr (>= 0.1.0), rlang (>= 0.4.0), tibble, tidyselect, vctrs
(>= 0.3.0)","cpp11","covr, crayon, fs, knitr, pillar (>= 1.4.0), rmarkdown,
testthat (>= 3.0.0), utf8",NA,"MIT + file LICENSE",NA,NA,NA,NA,"yes","4.3.0"
"highr","highr","/Library/Frameworks/R.framework/Versions/4.3-arm64/Resources/library","0.10",NA,"R (>= 3.3.0)","xfun (>= 0.18)",NA,"knitr, markdown, testit",NA,"GPL",NA,NA,NA,NA,"no","4.3.0"
"Hmisc","Hmisc","/Library/Frameworks/R.framework/Versions/4.3-arm64/Resources/library","5.1-0",NA,NA,"methods, ggplot2, cluster, rpart, nnet, foreign, gtable, grid,
gridExtra, data.table, htmlTable (>= 1.11.0), viridis,
htmltools, base64enc, colorspace, rmarkdown, knitr, Formula",NA,"survival, qreport, acepack, chron, rms, mice, rstudioapi,
tables, plotly (>= 4.5.6), rlang, plyr, VGAM, leaps, pcaPP,
digest, parallel, polspline, abind, kableExtra, rio, lattice,
latticeExtra, gt, sparkline, jsonlite, htmlwidgets",NA,"GPL (>= 2)",NA,NA,NA,NA,"yes","4.3.0"
"hms","hms","/Library/Frameworks/R.framework/Versions/4.3-arm64/Resources/library","1.1.3",NA,NA,"lifecycle, methods, pkgconfig, rlang (>= 1.0.2), vctrs (>=
0.3.8)",NA,"crayon, lubridate, pillar (>= 1.1.0), testthat (>= 3.0.0)",NA,"MIT + file LICENSE",NA,NA,NA,NA,"no","4.3.0"
"htmlTable","htmlTable","/Library/Frameworks/R.framework/Versions/4.3-arm64/Resources/library","2.4.1",NA,NA,"stringr, knitr (>= 1.6), magrittr (>= 1.5), methods,
checkmate, htmlwidgets, htmltools, rstudioapi (>= 0.6)",NA,"testthat, XML, xml2, Hmisc, reshape, rmarkdown, chron,
lubridate, tibble, purrr, tidyselect, glue, rlang, tidyr (>=
0.7.2), dplyr (>= 0.7.4)",NA,"GPL (>= 3)",NA,NA,NA,NA,"no","4.3.0"
"htmltools","htmltools","/Library/Frameworks/R.framework/Versions/4.3-arm64/Resources/library","0.5.5",NA,"R (>= 2.14.1)","utils, digest, grDevices, base64enc, rlang (>= 0.4.10),
fastmap (>= 1.1.0), ellipsis",NA,"markdown, testthat, withr, Cairo, ragg, shiny","knitr","GPL (>= 2)",NA,NA,NA,NA,"yes","4.3.0"
"htmlwidgets","htmlwidgets","/Library/Frameworks/R.framework/Versions/4.3-arm64/Resources/library","1.6.2",NA,NA,"grDevices, htmltools (>= 0.5.4), jsonlite (>= 0.9.16), yaml,
knitr (>= 1.8), rmarkdown",NA,"testthat","shiny (>= 1.1)","MIT + file LICENSE",NA,NA,NA,NA,"no","4.3.0"
"httpuv","httpuv","/Library/Frameworks/R.framework/Versions/4.3-arm64/Resources/library","1.6.11",NA,"R (>= 2.15.1)","Rcpp (>= 1.0.7), utils, R6, promises, later (>= 0.8.0)","Rcpp, later","testthat, callr, curl, websocket",NA,"GPL (>= 2) | file LICENSE",NA,NA,NA,NA,"yes","4.3.0"
"httr","httr","/Library/Frameworks/R.framework/Versions/4.3-arm64/Resources/library","1.4.6",NA,"R (>= 3.5)","curl (>= 3.0.0), jsonlite, mime, openssl (>= 0.8), R6",NA,"covr, httpuv, jpeg, knitr, png, readr, rmarkdown, testthat
(>= 0.8.0), xml2",NA,"MIT + file LICENSE",NA,NA,NA,NA,"no","4.3.0"
"ids","ids","/Library/Frameworks/R.framework/Versions/4.3-arm64/Resources/library","1.0.1",NA,NA,"openssl, uuid",NA,"knitr, rcorpora, rmarkdown, testthat",NA,"MIT + file LICENSE",NA,NA,NA,NA,"no","4.3.0"
"igraph","igraph","/Library/Frameworks/R.framework/Versions/4.3-arm64/Resources/library","1.5.1",NA,"methods, R (>= 3.5.0)","cli, graphics, grDevices, lifecycle, magrittr, Matrix,
pkgconfig (>= 2.0.0), rlang, stats, utils","cpp11 (>= 0.2.0)","ape (>= 5.7-0.1), callr, decor, digest, graph, igraphdata,
knitr, rgl, rmarkdown, scales, stats4, tcltk, testthat, vdiffr,
withr",NA,"GPL (>= 2)",NA,NA,NA,NA,"yes","4.3.0"
"isoband","isoband","/Library/Frameworks/R.framework/Versions/4.3-arm64/Resources/library","0.2.7",NA,NA,"grid, utils",NA,"covr, ggplot2, knitr, magick, microbenchmark, rmarkdown, sf,
testthat, xml2",NA,"MIT + file LICENSE",NA,NA,NA,NA,"yes","4.3.0"
"jquerylib","jquerylib","/Library/Frameworks/R.framework/Versions/4.3-arm64/Resources/library","0.1.4",NA,NA,"htmltools",NA,"testthat",NA,"MIT + file LICENSE",NA,NA,NA,NA,"no","4.3.0"
"jsonlite","jsonlite","/Library/Frameworks/R.framework/Versions/4.3-arm64/Resources/library","1.8.5",NA,"methods",NA,NA,"httr, vctrs, testthat, knitr, rmarkdown, R.rsp, sf",NA,"MIT + file LICENSE",NA,NA,NA,NA,"yes","4.3.0"
"juicyjuice","juicyjuice","/Library/Frameworks/R.framework/Versions/4.3-arm64/Resources/library","0.1.0",NA,NA,"V8 (>= 4.2.0)",NA,"testthat (>= 3.0.0)",NA,"MIT + file LICENSE",NA,NA,NA,NA,"no","4.3.0"
"kableExtra","kableExtra","/Library/Frameworks/R.framework/Versions/4.3-arm64/Resources/library","1.3.4",NA,"R (>= 3.1.0)","knitr (>= 1.16), magrittr, stringr (>= 1.0), xml2 (>= 1.1.1),
rvest, rmarkdown (>= 1.6.0), scales, viridisLite, stats,
grDevices, htmltools, rstudioapi, glue, tools, webshot, digest,
graphics, svglite",NA,"testthat, magick, formattable, sparkline",NA,"MIT + file LICENSE",NA,NA,NA,NA,"no","4.3.0"
"KernSmooth","KernSmooth","/Library/Frameworks/R.framework/Versions/4.3-arm64/Resources/library","2.23-21","recommended","R (>= 2.5.0), stats",NA,NA,"MASS, carData",NA,"Unlimited",NA,NA,NA,NA,"yes","4.3.0"
"knitr","knitr","/Library/Frameworks/R.framework/Versions/4.3-arm64/Resources/library","1.43",NA,"R (>= 3.3.0)","evaluate (>= 0.15), highr, methods, tools, xfun (>= 0.39),
yaml (>= 2.1.19)",NA,"bslib, codetools, DBI (>= 0.4-1), digest, formatR, gifski,
gridSVG, htmlwidgets (>= 0.7), curl, jpeg, JuliaCall (>=
0.11.1), magick, markdown (>= 1.3), png, ragg, reticulate (>=
1.4), rgl (>= 0.95.1201), rlang, rmarkdown, sass, showtext,
styler (>= 1.2.0), targets (>= 0.6.0), testit, tibble,
tikzDevice (>= 0.10), tinytex, webshot, rstudioapi, xml2 (>=
1.2.0)",NA,"GPL",NA,NA,NA,NA,"no","4.3.0"
"labeling","labeling","/Library/Frameworks/R.framework/Versions/4.3-arm64/Resources/library","0.4.2",NA,NA,"stats, graphics",NA,NA,NA,"MIT + file LICENSE | Unlimited",NA,NA,NA,NA,"no","4.3.0"
"labelled","labelled","/Library/Frameworks/R.framework/Versions/4.3-arm64/Resources/library","2.12.0",NA,"R (>= 3.0)","haven (>= 2.4.1), dplyr (>= 1.0.0), lifecycle, rlang, vctrs,
stringr, tidyr",NA,"testthat, knitr, rmarkdown, questionr, snakecase, utf8, covr,
spelling","memisc","GPL (>= 3)",NA,NA,NA,NA,"no","4.3.0"
"later","later","/Library/Frameworks/R.framework/Versions/4.3-arm64/Resources/library","1.3.1",NA,NA,"Rcpp (>= 0.12.9), rlang","Rcpp","knitr, rmarkdown, testthat (>= 2.1.0)",NA,"MIT + file LICENSE",NA,NA,NA,NA,"yes","4.3.0"
"lattice","lattice","/Library/Frameworks/R.framework/Versions/4.3-arm64/Resources/library","0.21-8","recommended","R (>= 4.0.0)","grid, grDevices, graphics, stats, utils",NA,"KernSmooth, MASS, latticeExtra, colorspace","chron","GPL (>= 2)",NA,NA,NA,NA,"yes","4.3.0"
"lifecycle","lifecycle","/Library/Frameworks/R.framework/Versions/4.3-arm64/Resources/library","1.0.3",NA,"R (>= 3.4)","cli (>= 3.4.0), glue, rlang (>= 1.0.6)",NA,"covr, crayon, knitr, lintr, rmarkdown, testthat (>= 3.0.1),
tibble, tidyverse, tools, vctrs, withr",NA,"MIT + file LICENSE",NA,NA,NA,NA,"no","4.3.0"
"listenv","listenv","/Library/Frameworks/R.framework/Versions/4.3-arm64/Resources/library","0.9.0",NA,"R (>= 3.1.2)",NA,NA,"R.utils, R.rsp, markdown",NA,"LGPL (>= 2.1)",NA,NA,NA,NA,"no","4.3.0"
"lme4","lme4","/Library/Frameworks/R.framework/Versions/4.3-arm64/Resources/library","1.1-33",NA,"R (>= 3.5.0), Matrix (>= 1.2-1), methods, stats","graphics, grid, splines, utils, parallel, MASS, lattice, boot,
nlme (>= 3.1-123), minqa (>= 1.1.15), nloptr (>= 1.0.4)","Rcpp (>= 0.10.5), RcppEigen","knitr, rmarkdown, MEMSS, testthat (>= 0.8.1), ggplot2,
mlmRev, optimx (>= 2013.8.6), gamm4, pbkrtest, HSAUR3,
numDeriv, car, dfoptim, mgcv, statmod, rr2, semEff, tibble,
merDeriv",NA,"GPL (>= 2)",NA,NA,NA,NA,"yes","4.3.0"
"lspline","lspline","/Library/Frameworks/R.framework/Versions/4.3-arm64/Resources/library","1.0-0",NA,NA,NA,NA,"testthat, knitr, rmarkdown, scales, ggplot2, broom",NA,"MIT + file LICENSE",NA,NA,NA,NA,"no","4.3.0"
"lubridate","lubridate","/Library/Frameworks/R.framework/Versions/4.3-arm64/Resources/library","1.9.2",NA,"methods, R (>= 3.2)","generics, timechange (>= 0.1.1)",NA,"covr, knitr, rmarkdown, testthat (>= 2.1.0), vctrs (>= 0.5.0)","chron, data.table, timeDate, tis, zoo","GPL (>= 2)",NA,NA,NA,NA,"yes","4.3.0"
"magrittr","magrittr","/Library/Frameworks/R.framework/Versions/4.3-arm64/Resources/library","2.0.3",NA,"R (>= 3.4.0)",NA,NA,"covr, knitr, rlang, rmarkdown, testthat",NA,"MIT + file LICENSE",NA,NA,NA,NA,"yes","4.3.0"
"maps","maps","/Library/Frameworks/R.framework/Versions/4.3-arm64/Resources/library","3.4.1",NA,"R (>= 3.5.0)","graphics, utils",NA,"mapproj (>= 1.2-0), mapdata (>= 2.3.0), sp, rnaturalearth",NA,"GPL-2",NA,NA,NA,NA,"yes","4.3.0"
"markdown","markdown","/Library/Frameworks/R.framework/Versions/4.3-arm64/Resources/library","1.7",NA,"R (>= 2.11.1)","utils, commonmark (>= 1.9.0), xfun (>= 0.38)",NA,"knitr, rmarkdown (>= 2.18), yaml, RCurl",NA,"MIT + file LICENSE",NA,NA,NA,NA,"no","4.3.0"
"MASS","MASS","/Library/Frameworks/R.framework/Versions/4.3-arm64/Resources/library","7.3-60","recommended","R (>= 4.0), grDevices, graphics, stats, utils","methods",NA,"lattice, nlme, nnet, survival",NA,"GPL-2 | GPL-3",NA,NA,NA,NA,"yes","4.3.0"
"Matrix","Matrix","/Library/Frameworks/R.framework/Versions/4.3-arm64/Resources/library","1.5-4.1","recommended","R (>= 3.5.0), methods","graphics, grid, lattice, stats, utils",NA,"MASS, expm","MatrixModels, SparseM, graph, igraph, maptools, sfsmisc, sp,
spdep","GPL (>= 2) | file LICENCE",NA,NA,NA,NA,"yes","4.3.0"
"MatrixModels","MatrixModels","/Library/Frameworks/R.framework/Versions/4.3-arm64/Resources/library","0.5-1",NA,"R (>= 3.6.0)","stats, methods, Matrix (>= 1.4-2)",NA,NA,NA,"GPL (>= 2)",NA,NA,NA,NA,"no","4.3.0"
"memoise","memoise","/Library/Frameworks/R.framework/Versions/4.3-arm64/Resources/library","2.0.1",NA,NA,"rlang (>= 0.4.10), cachem",NA,"digest, aws.s3, covr, googleAuthR, googleCloudStorageR, httr,
testthat",NA,"MIT + file LICENSE",NA,NA,NA,NA,"no","4.3.0"
"methods","methods","/Library/Frameworks/R.framework/Versions/4.3-arm64/Resources/library","4.3.0","base",NA,"utils, stats",NA,"codetools",NA,"Part of R 4.3.0",NA,NA,NA,NA,"yes","4.3.0"
"mgcv","mgcv","/Library/Frameworks/R.framework/Versions/4.3-arm64/Resources/library","1.8-42","recommended","R (>= 3.6.0), nlme (>= 3.1-64)","methods, stats, graphics, Matrix, splines, utils",NA,"parallel, survival, MASS",NA,"GPL (>= 2)",NA,NA,NA,NA,"yes","4.3.0"
"mime","mime","/Library/Frameworks/R.framework/Versions/4.3-arm64/Resources/library","0.12",NA,NA,"tools",NA,NA,NA,"GPL",NA,NA,NA,NA,"yes","4.3.0"
"minqa","minqa","/Library/Frameworks/R.framework/Versions/4.3-arm64/Resources/library","1.2.5",NA,NA,"Rcpp (>= 0.9.10)","Rcpp",NA,NA,"GPL-2",NA,NA,NA,NA,"yes","4.3.0"
"mitools","mitools","/Library/Frameworks/R.framework/Versions/4.3-arm64/Resources/library","2.4",NA,NA,"DBI, methods, stats",NA,"RODBC, foreign",NA,"GPL-2",NA,NA,NA,NA,"no","4.3.0"
"modelr","modelr","/Library/Frameworks/R.framework/Versions/4.3-arm64/Resources/library","0.1.11",NA,"R (>= 3.2)","broom, magrittr, purrr (>= 0.2.2), rlang (>= 1.0.6), tibble,
tidyr (>= 0.8.0), tidyselect, vctrs",NA,"compiler, covr, ggplot2, testthat (>= 3.0.0)",NA,"GPL-3",NA,NA,NA,NA,"no","4.3.0"
"multcomp","multcomp","/Library/Frameworks/R.framework/Versions/4.3-arm64/Resources/library","1.4-23",NA,"stats, graphics, mvtnorm (>= 1.0-10), survival (>= 2.39-4),
TH.data (>= 1.0-2)","sandwich (>= 2.3-0), codetools",NA,"lme4 (>= 0.999375-16), nlme, robustbase, coin, MASS, foreign,
xtable, lmtest, coxme (>= 2.2-1), SimComp, ISwR, tram (>=
0.2-5), fixest (>= 0.10), glmmTMB",NA,"GPL-2",NA,NA,NA,NA,"no","4.3.0"
"munsell","munsell","/Library/Frameworks/R.framework/Versions/4.3-arm64/Resources/library","0.5.0",NA,NA,"colorspace, methods",NA,"ggplot2, testthat",NA,"MIT + file LICENSE",NA,NA,NA,NA,"no","4.3.0"
"mvtnorm","mvtnorm","/Library/Frameworks/R.framework/Versions/4.3-arm64/Resources/library","1.2-1",NA,"R(>= 3.5.0)","stats",NA,"qrng, numDeriv",NA,"GPL-2",NA,NA,NA,NA,"yes","4.3.0"
"networkD3","networkD3","/Library/Frameworks/R.framework/Versions/4.3-arm64/Resources/library","0.4",NA,"R (>= 3.0.0)","htmlwidgets (>= 0.3.2), igraph, magrittr",NA,"htmltools (>= 0.2.6), jsonlite,","knitr, shiny","GPL (>= 3)",NA,NA,NA,NA,"no","4.3.0"
"NHANES","NHANES","/Library/Frameworks/R.framework/Versions/4.3-arm64/Resources/library","2.1.0",NA,"R (>= 3.0)",NA,NA,"mosaic",NA,"GPL (>= 2)",NA,NA,NA,NA,"no","4.3.0"
"nlme","nlme","/Library/Frameworks/R.framework/Versions/4.3-arm64/Resources/library","3.1-162","recommended","R (>= 3.5.0)","graphics, stats, utils, lattice",NA,"Hmisc, MASS, SASmixed",NA,"GPL (>= 2)",NA,NA,NA,NA,"yes","4.3.0"
"nloptr","nloptr","/Library/Frameworks/R.framework/Versions/4.3-arm64/Resources/library","2.0.3",NA,NA,NA,"testthat","knitr, rmarkdown, xml2, testthat (>= 3.0.0), covr",NA,"LGPL (>= 3)",NA,NA,NA,NA,"yes","4.3.0"
"nnet","nnet","/Library/Frameworks/R.framework/Versions/4.3-arm64/Resources/library","7.3-19","recommended","R (>= 3.0.0), stats, utils",NA,NA,"MASS",NA,"GPL-2 | GPL-3",NA,NA,NA,NA,"yes","4.3.0"
"numDeriv","numDeriv","/Library/Frameworks/R.framework/Versions/4.3-arm64/Resources/library","2016.8-1.1",NA,"R (>= 2.11.1)",NA,NA,NA,NA,"GPL-2",NA,NA,NA,NA,"no","4.3.0"
"openssl","openssl","/Library/Frameworks/R.framework/Versions/4.3-arm64/Resources/library","2.0.6",NA,NA,"askpass",NA,"curl, testthat (>= 2.1.0), digest, knitr, rmarkdown,
jsonlite, jose, sodium",NA,"MIT + file LICENSE",NA,NA,NA,NA,"yes","4.3.0"
"parallel","parallel","/Library/Frameworks/R.framework/Versions/4.3-arm64/Resources/library","4.3.0","base",NA,"tools, compiler",NA,"methods","snow, Rmpi","Part of R 4.3.0",NA,NA,NA,NA,"yes","4.3.0"
"parallelly","parallelly","/Library/Frameworks/R.framework/Versions/4.3-arm64/Resources/library","1.36.0",NA,NA,"parallel, tools, utils",NA,NA,NA,"LGPL (>= 2.1)",NA,NA,NA,NA,"no","4.3.0"
"pillar","pillar","/Library/Frameworks/R.framework/Versions/4.3-arm64/Resources/library","1.9.0",NA,NA,"cli (>= 2.3.0), fansi, glue, lifecycle, rlang (>= 1.0.2), utf8
(>= 1.1.0), utils, vctrs (>= 0.5.0)",NA,"bit64, DBI, debugme, DiagrammeR, dplyr, formattable, ggplot2,
knitr, lubridate, nanotime, nycflights13, palmerpenguins,
rmarkdown, scales, stringi, survival, testthat (>= 3.1.1),
tibble, units (>= 0.7.2), vdiffr, withr",NA,"MIT + file LICENSE",NA,NA,NA,NA,"no","4.3.0"
"pkgconfig","pkgconfig","/Library/Frameworks/R.framework/Versions/4.3-arm64/Resources/library","2.0.3",NA,NA,"utils",NA,"covr, testthat, disposables (>= 1.0.3)",NA,"MIT + file LICENSE",NA,NA,NA,NA,"no","4.3.0"
"pkgload","pkgload","/Library/Frameworks/R.framework/Versions/4.3-arm64/Resources/library","1.3.2",NA,"R (>= 3.4.0)","cli (>= 3.3.0), crayon, desc, fs, glue, methods, rlang (>=
1.0.3), rprojroot, utils, withr (>= 2.4.3)",NA,"bitops, covr, mathjaxr, mockr, pak, pkgbuild, Rcpp, remotes,
rstudioapi, testthat (>= 3.1.0)",NA,"GPL-3",NA,NA,NA,NA,"no","4.3.0"
"plotROC","plotROC","/Library/Frameworks/R.framework/Versions/4.3-arm64/Resources/library","2.3.1",NA,"R (>= 3.0.0), ggplot2","methods, grid, gridSVG, shiny, plyr, rlang",NA,"knitr, testthat, stringr, survivalROC, rmarkdown",NA,"MIT + file LICENSE",NA,NA,NA,NA,"no","4.3.1"
"plyr","plyr","/Library/Frameworks/R.framework/Versions/4.3-arm64/Resources/library","1.8.8",NA,"R (>= 3.1.0)","Rcpp (>= 0.11.0)","Rcpp","abind, covr, doParallel, foreach, iterators, itertools,
tcltk, testthat",NA,"MIT + file LICENSE",NA,NA,NA,NA,"yes","4.3.0"
"polspline","polspline","/Library/Frameworks/R.framework/Versions/4.3-arm64/Resources/library","1.1.22",NA,NA,"stats, graphics",NA,NA,NA,"GPL (>= 2)",NA,NA,NA,NA,"yes","4.3.0"
"praise","praise","/Library/Frameworks/R.framework/Versions/4.3-arm64/Resources/library","1.0.0",NA,NA,NA,NA,"testthat",NA,"MIT + file LICENSE",NA,NA,NA,NA,"no","4.3.0"
"prettyunits","prettyunits","/Library/Frameworks/R.framework/Versions/4.3-arm64/Resources/library","1.1.1",NA,NA,NA,NA,"codetools, covr, testthat",NA,"MIT + file LICENSE",NA,NA,NA,NA,"no","4.3.0"
"processx","processx","/Library/Frameworks/R.framework/Versions/4.3-arm64/Resources/library","3.8.1",NA,"R (>= 3.4.0)","ps (>= 1.2.0), R6, utils",NA,"callr (>= 3.7.3), cli (>= 3.3.0), codetools, covr, curl,
debugme, parallel, rlang (>= 1.0.2), testthat (>= 3.0.0),
webfakes, withr",NA,"MIT + file LICENSE",NA,NA,NA,NA,"yes","4.3.0"
"progress","progress","/Library/Frameworks/R.framework/Versions/4.3-arm64/Resources/library","1.2.2",NA,NA,"hms, prettyunits, R6, crayon",NA,"Rcpp, testthat, withr",NA,"MIT + file LICENSE",NA,NA,NA,NA,"no","4.3.0"
"promises","promises","/Library/Frameworks/R.framework/Versions/4.3-arm64/Resources/library","1.2.0.1",NA,NA,"R6, Rcpp, later, rlang, stats, magrittr","later, Rcpp","testthat, future (>= 1.21.0), fastmap (>= 1.1.0), purrr,
knitr, rmarkdown, vembedr, spelling",NA,"MIT + file LICENSE",NA,NA,NA,NA,"yes","4.3.0"
"ps","ps","/Library/Frameworks/R.framework/Versions/4.3-arm64/Resources/library","1.7.5",NA,"R (>= 3.4)","utils",NA,"callr, covr, curl, pillar, pingr, processx (>= 3.1.0), R6,
rlang, testthat (>= 3.0.0), webfakes",NA,"MIT + file LICENSE",NA,NA,NA,NA,"yes","4.3.0"
"pscl","pscl","/Library/Frameworks/R.framework/Versions/4.3-arm64/Resources/library","1.5.5.1",NA,NA,"MASS, datasets, grDevices, graphics, stats, utils",NA,"lattice, MCMCpack, car, lmtest, sandwich, zoo, coda, vcd,
mvtnorm, mgcv",NA,"GPL-2",NA,NA,NA,NA,"yes","4.3.0"
"purrr","purrr","/Library/Frameworks/R.framework/Versions/4.3-arm64/Resources/library","1.0.1",NA,"R (>= 3.4.0)","cli (>= 3.4.0), lifecycle (>= 1.0.3), magrittr (>= 1.5.0),
rlang (>= 0.4.10), vctrs (>= 0.5.0)","cli","covr, dplyr (>= 0.7.8), httr, knitr, lubridate, rmarkdown,
testthat (>= 3.0.0), tibble, tidyselect",NA,"MIT + file LICENSE",NA,NA,NA,NA,"yes","4.3.0"
"pwr","pwr","/Library/Frameworks/R.framework/Versions/4.3-arm64/Resources/library","1.3-0",NA,NA,"stats, graphics",NA,"ggplot2, scales, knitr, rmarkdown",NA,"GPL (>= 3)",NA,NA,NA,NA,"no","4.3.0"
"quantreg","quantreg","/Library/Frameworks/R.framework/Versions/4.3-arm64/Resources/library","5.95",NA,"R (>= 3.5), stats, SparseM","methods, graphics, Matrix, MatrixModels, survival, MASS",NA,"interp, rgl, logspline, nor1mix, Formula, zoo, R.rsp, conquer",NA,"GPL (>= 2)",NA,NA,NA,NA,"yes","4.3.0"
"R6","R6","/Library/Frameworks/R.framework/Versions/4.3-arm64/Resources/library","2.5.1",NA,"R (>= 3.0)",NA,NA,"testthat, pryr",NA,"MIT + file LICENSE",NA,NA,NA,NA,"no","4.3.0"
"ragg","ragg","/Library/Frameworks/R.framework/Versions/4.3-arm64/Resources/library","1.2.5",NA,NA,"systemfonts (>= 1.0.3), textshaping (>= 0.3.0)","systemfonts, textshaping","covr, graphics, grid, testthat",NA,"MIT + file LICENSE",NA,NA,NA,NA,"yes","4.3.0"
"rappdirs","rappdirs","/Library/Frameworks/R.framework/Versions/4.3-arm64/Resources/library","0.3.3",NA,"R (>= 3.2)",NA,NA,"roxygen2, testthat (>= 3.0.0), covr, withr",NA,"MIT + file LICENSE",NA,NA,NA,NA,"yes","4.3.0"
"RColorBrewer","RColorBrewer","/Library/Frameworks/R.framework/Versions/4.3-arm64/Resources/library","1.1-3",NA,"R (>= 2.0.0)",NA,NA,NA,NA,"Apache License 2.0",NA,NA,NA,NA,"no","4.3.0"
"Rcpp","Rcpp","/Library/Frameworks/R.framework/Versions/4.3-arm64/Resources/library","1.0.10",NA,NA,"methods, utils",NA,"tinytest, inline, rbenchmark, pkgKitten (>= 0.1.2)",NA,"GPL (>= 2)",NA,NA,NA,NA,"yes","4.3.0"
"RcppEigen","RcppEigen","/Library/Frameworks/R.framework/Versions/4.3-arm64/Resources/library","0.3.3.9.3",NA,"R (>= 3.6.0)","Matrix (>= 1.1-0), Rcpp (>= 0.11.0), stats, utils","Rcpp","inline, tinytest, pkgKitten, microbenchmark",NA,"GPL (>= 2) | file LICENSE",NA,NA,NA,NA,"yes","4.3.0"
"RcppRoll","RcppRoll","/Library/Frameworks/R.framework/Versions/4.3-arm64/Resources/library","0.3.0",NA,"R (>= 2.15.1)","Rcpp","Rcpp","zoo, testthat",NA,"GPL (>= 2)",NA,NA,NA,NA,"yes","4.3.0"
"reactable","reactable","/Library/Frameworks/R.framework/Versions/4.3-arm64/Resources/library","0.4.4",NA,"R (>= 3.1)","digest, htmltools (>= 0.5.2), htmlwidgets (>= 1.5.3),
jsonlite, reactR",NA,"covr, crosstalk, dplyr, fontawesome, knitr, leaflet, MASS,
rmarkdown, shiny, sparkline, testthat, tippy, V8",NA,"MIT + file LICENSE",NA,NA,NA,NA,"no","4.3.0"
"reactR","reactR","/Library/Frameworks/R.framework/Versions/4.3-arm64/Resources/library","0.4.4",NA,NA,"htmltools",NA,"htmlwidgets (>= 1.5.3), rmarkdown, shiny, V8, knitr, usethis,
jsonlite",NA,"MIT + file LICENSE",NA,NA,NA,NA,"no","4.3.0"
"readr","readr","/Library/Frameworks/R.framework/Versions/4.3-arm64/Resources/library","2.1.4",NA,"R (>= 3.5)","cli (>= 3.2.0), clipr, crayon, hms (>= 0.4.1), lifecycle (>=
0.2.0), methods, R6, rlang, tibble, utils, vroom (>= 1.6.0)","cpp11, tzdb (>= 0.1.1)","covr, curl, datasets, knitr, rmarkdown, spelling, stringi,
testthat (>= 3.1.2), tzdb (>= 0.1.1), waldo, withr, xml2",NA,"MIT + file LICENSE",NA,NA,NA,NA,"yes","4.3.0"
"readxl","readxl","/Library/Frameworks/R.framework/Versions/4.3-arm64/Resources/library","1.4.2",NA,"R (>= 3.5)","cellranger, tibble (>= 2.0.1), utils","cpp11 (>= 0.4.0), progress","covr, knitr, rmarkdown, testthat (>= 3.1.6), withr",NA,"MIT + file LICENSE",NA,NA,NA,NA,"yes","4.3.0"
"rematch","rematch","/Library/Frameworks/R.framework/Versions/4.3-arm64/Resources/library","1.0.1",NA,NA,NA,NA,"covr, testthat",NA,"MIT + file LICENSE",NA,NA,NA,NA,"no","4.3.0"
"rematch2","rematch2","/Library/Frameworks/R.framework/Versions/4.3-arm64/Resources/library","2.1.2",NA,NA,"tibble",NA,"covr, testthat",NA,"MIT + file LICENSE",NA,NA,NA,NA,"no","4.3.0"
"reprex","reprex","/Library/Frameworks/R.framework/Versions/4.3-arm64/Resources/library","2.0.2",NA,"R (>= 3.4)","callr (>= 3.6.0), cli (>= 3.2.0), clipr (>= 0.4.0), fs, glue,
knitr (>= 1.23), lifecycle, rlang (>= 1.0.0), rmarkdown,
rstudioapi, utils, withr (>= 2.3.0)",NA,"covr, fortunes, miniUI, mockr, rprojroot, sessioninfo, shiny,
spelling, styler (>= 1.2.0), testthat (>= 3.0.2)",NA,"MIT + file LICENSE",NA,NA,NA,NA,"no","4.3.0"
"reshape2","reshape2","/Library/Frameworks/R.framework/Versions/4.3-arm64/Resources/library","1.4.4",NA,"R (>= 3.1)","plyr (>= 1.8.1), Rcpp, stringr","Rcpp","covr, lattice, testthat (>= 0.8.0)",NA,"MIT + file LICENSE",NA,NA,NA,NA,"yes","4.3.0"
"rlang","rlang","/Library/Frameworks/R.framework/Versions/4.3-arm64/Resources/library","1.1.1",NA,"R (>= 3.5.0)","utils",NA,"cli (>= 3.1.0), covr, crayon, fs, glue, knitr, magrittr,
methods, pillar, rmarkdown, stats, testthat (>= 3.0.0), tibble,
usethis, vctrs (>= 0.2.3), withr","winch","MIT + file LICENSE",NA,NA,NA,NA,"yes","4.3.0"
"rlist","rlist","/Library/Frameworks/R.framework/Versions/4.3-arm64/Resources/library","0.4.6.2",NA,"R (>= 2.15)","yaml, jsonlite, XML, data.table",NA,"testthat, stringdist",NA,"MIT + file LICENSE",NA,NA,NA,NA,"no","4.3.0"
"rmarkdown","rmarkdown","/Library/Frameworks/R.framework/Versions/4.3-arm64/Resources/library","2.22",NA,"R (>= 3.0)","bslib (>= 0.2.5.1), evaluate (>= 0.13), fontawesome (>=
0.5.0), htmltools (>= 0.5.1), jquerylib, jsonlite, knitr (>=
1.22), methods, stringr (>= 1.2.0), tinytex (>= 0.31), tools,
utils, xfun (>= 0.36), yaml (>= 2.1.19)",NA,"digest, dygraphs, fs, rsconnect, downlit (>= 0.4.0), katex
(>= 1.4.0), sass (>= 0.4.0), shiny (>= 1.6.0), testthat (>=
3.0.3), tibble, vctrs, withr (>= 2.4.2)",NA,"GPL-3",NA,NA,NA,NA,"no","4.3.0"
"rms","rms","/Library/Frameworks/R.framework/Versions/4.3-arm64/Resources/library","6.7-0",NA,"R (>= 3.5.0), Hmisc (>= 5.1-0)","methods, survival, quantreg, ggplot2, SparseM, rpart, nlme (>=
3.1-123), polspline, multcomp, htmlTable (>= 1.11.0),
htmltools, MASS, cluster, digest, colorspace, knitr, grDevices",NA,"boot, tcltk, plotly (>= 4.5.6), mice, rmsb, nnet, VGAM,
lattice, kableExtra",NA,"GPL (>= 2)",NA,NA,NA,NA,"yes","4.3.0"
"rpart","rpart","/Library/Frameworks/R.framework/Versions/4.3-arm64/Resources/library","4.1.19","recommended","R (>= 2.15.0), graphics, stats, grDevices",NA,NA,"survival",NA,"GPL-2 | GPL-3",NA,NA,NA,NA,"yes","4.3.0"
"rprojroot","rprojroot","/Library/Frameworks/R.framework/Versions/4.3-arm64/Resources/library","2.0.3",NA,"R (>= 3.0.0)",NA,NA,"covr, knitr, lifecycle, mockr, rmarkdown, testthat (>=
3.0.0), withr",NA,"MIT + file LICENSE",NA,NA,NA,NA,"no","4.3.0"
"rstudioapi","rstudioapi","/Library/Frameworks/R.framework/Versions/4.3-arm64/Resources/library","0.14",NA,NA,NA,NA,"testthat, knitr, rmarkdown, clipr, covr",NA,"MIT + file LICENSE",NA,NA,NA,NA,"no","4.3.0"
"rvest","rvest","/Library/Frameworks/R.framework/Versions/4.3-arm64/Resources/library","1.0.3",NA,"R (>= 3.2)","glue, cli, httr (>= 0.5), lifecycle (>= 1.0.0), magrittr,
rlang (>= 1.0.0), selectr, tibble, xml2 (>= 1.3), withr",NA,"covr, knitr, readr, repurrrsive, rmarkdown, spelling, stringi
(>= 0.3.1), testthat (>= 3.0.2), webfakes",NA,"MIT + file LICENSE",NA,NA,NA,NA,"no","4.3.0"
"sandwich","sandwich","/Library/Frameworks/R.framework/Versions/4.3-arm64/Resources/library","3.0-2",NA,"R (>= 3.0.0)","stats, utils, zoo",NA,"AER, car, geepack, lattice, lme4, lmtest, MASS, multiwayvcov,
parallel, pcse, plm, pscl, scatterplot3d, stats4, strucchange,
survival",NA,"GPL-2 | GPL-3",NA,NA,NA,NA,"no","4.3.0"
"sass","sass","/Library/Frameworks/R.framework/Versions/4.3-arm64/Resources/library","0.4.6",NA,NA,"fs, rlang (>= 0.4.10), htmltools (>= 0.5.1), R6, rappdirs",NA,"testthat, knitr, rmarkdown, withr, shiny, curl",NA,"MIT + file LICENSE",NA,NA,NA,NA,"yes","4.3.0"
"scales","scales","/Library/Frameworks/R.framework/Versions/4.3-arm64/Resources/library","1.2.1",NA,"R (>= 3.2)","farver (>= 2.0.3), labeling, lifecycle, munsell (>= 0.5), R6,
RColorBrewer, rlang (>= 1.0.0), viridisLite",NA,"bit64, covr, dichromat, ggplot2, hms (>= 0.5.0), stringi,
testthat (>= 3.0.0), waldo (>= 0.4.0)",NA,"MIT + file LICENSE",NA,NA,NA,NA,"no","4.3.0"
"selectr","selectr","/Library/Frameworks/R.framework/Versions/4.3-arm64/Resources/library","0.4-2",NA,"R (>= 3.0)","methods, stringr, R6",NA,"testthat, XML, xml2",NA,"BSD_3_clause + file LICENCE",NA,NA,NA,NA,"no","4.3.0"
"servr","servr","/Library/Frameworks/R.framework/Versions/4.3-arm64/Resources/library","0.27",NA,"R (>= 3.0.0)","mime (>= 0.2), httpuv (>= 1.5.2), xfun, jsonlite",NA,"tools, later, rstudioapi, knitr (>= 1.9), rmarkdown",NA,"GPL",NA,NA,NA,NA,"no","4.3.0"
"shiny","shiny","/Library/Frameworks/R.framework/Versions/4.3-arm64/Resources/library","1.7.5",NA,"R (>= 3.0.2), methods","utils, grDevices, httpuv (>= 1.5.2), mime (>= 0.3), jsonlite
(>= 0.9.16), xtable, fontawesome (>= 0.4.0), htmltools (>=
0.5.4), R6 (>= 2.0), sourcetools, later (>= 1.0.0), promises
(>= 1.1.0), tools, crayon, rlang (>= 0.4.10), fastmap (>=
1.1.1), withr, commonmark (>= 1.7), glue (>= 1.3.2), bslib (>=
0.3.0), cachem, ellipsis, lifecycle (>= 0.2.0)",NA,"datasets, Cairo (>= 1.5-5), testthat (>= 3.0.0), knitr (>=
1.6), markdown, rmarkdown, ggplot2, reactlog (>= 1.0.0),
magrittr, yaml, future, dygraphs, ragg, showtext, sass",NA,"GPL-3 | file LICENSE",NA,NA,NA,NA,"no","4.3.0"
"sourcetools","sourcetools","/Library/Frameworks/R.framework/Versions/4.3-arm64/Resources/library","0.1.7-1",NA,"R (>= 3.0.2)",NA,NA,"testthat",NA,"MIT + file LICENSE",NA,NA,NA,NA,"yes","4.3.0"
"SparseM","SparseM","/Library/Frameworks/R.framework/Versions/4.3-arm64/Resources/library","1.81",NA,"R (>= 2.15), methods","graphics, stats, utils",NA,NA,NA,"GPL (>= 2)",NA,NA,NA,NA,"yes","4.3.0"
"spatial","spatial","/Library/Frameworks/R.framework/Versions/4.3-arm64/Resources/library","7.3-16","recommended","R (>= 3.0.0), graphics, stats, utils",NA,NA,"MASS",NA,"GPL-2 | GPL-3",NA,NA,NA,NA,"yes","4.3.0"
"splines","splines","/Library/Frameworks/R.framework/Versions/4.3-arm64/Resources/library","4.3.0","base",NA,"graphics, stats",NA,"Matrix, methods",NA,"Part of R 4.3.0",NA,NA,NA,NA,"yes","4.3.0"
"stats","stats","/Library/Frameworks/R.framework/Versions/4.3-arm64/Resources/library","4.3.0","base",NA,"utils, grDevices, graphics",NA,"MASS, Matrix, SuppDists, methods, stats4",NA,"Part of R 4.3.0",NA,NA,NA,NA,"yes","4.3.0"
"stats4","stats4","/Library/Frameworks/R.framework/Versions/4.3-arm64/Resources/library","4.3.0","base",NA,"graphics, methods, stats",NA,NA,NA,"Part of R 4.3.0",NA,NA,NA,NA,NA,"4.3.0"
"stringi","stringi","/Library/Frameworks/R.framework/Versions/4.3-arm64/Resources/library","1.7.12",NA,"R (>= 3.1)","tools, utils, stats",NA,NA,NA,"file LICENSE","yes",NA,NA,NA,"yes","4.3.0"
"stringr","stringr","/Library/Frameworks/R.framework/Versions/4.3-arm64/Resources/library","1.5.0",NA,"R (>= 3.3)","cli, glue (>= 1.6.1), lifecycle (>= 1.0.3), magrittr, rlang
(>= 1.0.0), stringi (>= 1.5.3), vctrs",NA,"covr, htmltools, htmlwidgets, knitr, rmarkdown, testthat (>=
3.0.0)",NA,"MIT + file LICENSE",NA,NA,NA,NA,"no","4.3.0"
"survey","survey","/Library/Frameworks/R.framework/Versions/4.3-arm64/Resources/library","4.2-1",NA,"R (>= 3.5.0), grid, methods, Matrix, survival","stats, graphics, splines, lattice, minqa, numDeriv, mitools
(>= 2.4)",NA,"foreign, MASS, KernSmooth, hexbin, RSQLite, quantreg,
parallel, CompQuadForm, DBI, AER",NA,"GPL-2 | GPL-3",NA,NA,NA,NA,"no","4.3.0"
"survival","survival","/Library/Frameworks/R.framework/Versions/4.3-arm64/Resources/library","3.5-5","recommended","R (>= 3.5.0)","graphics, Matrix, methods, splines, stats, utils",NA,NA,NA,"LGPL (>= 2)",NA,NA,NA,NA,"yes","4.3.0"
"svglite","svglite","/Library/Frameworks/R.framework/Versions/4.3-arm64/Resources/library","2.1.2",NA,"R (>= 3.5.0)","systemfonts (>= 1.0.0)","cpp11, systemfonts","covr, fontquiver (>= 0.2.0), htmltools, knitr, rmarkdown,
testthat (>= 3.0.0), xml2 (>= 1.0.0)",NA,"GPL (>= 2)",NA,NA,NA,NA,"yes","4.3.1"
"sys","sys","/Library/Frameworks/R.framework/Versions/4.3-arm64/Resources/library","3.4.2",NA,NA,NA,NA,"unix (>= 1.4), spelling, testthat",NA,"MIT + file LICENSE",NA,NA,NA,NA,"yes","4.3.0"
"systemfonts","systemfonts","/Library/Frameworks/R.framework/Versions/4.3-arm64/Resources/library","1.0.4",NA,"R (>= 3.2.0)",NA,"cpp11 (>= 0.2.1)","testthat (>= 2.1.0), covr, knitr, rmarkdown, tools",NA,"MIT + file LICENSE",NA,NA,NA,NA,"yes","4.3.0"
"table1","table1","/Library/Frameworks/R.framework/Versions/4.3-arm64/Resources/library","1.4.3",NA,"R (>= 3.5.0)","stats,Formula,knitr,htmltools,yaml",NA,"boot,MatchIt,rmarkdown,printr,kableExtra,flextable",NA,"GPL-3",NA,NA,NA,NA,"no","4.3.0"
"tcltk","tcltk","/Library/Frameworks/R.framework/Versions/4.3-arm64/Resources/library","4.3.0","base",NA,"utils",NA,NA,NA,"Part of R 4.3.0",NA,NA,NA,NA,"yes","4.3.0"
"testthat","testthat","/Library/Frameworks/R.framework/Versions/4.3-arm64/Resources/library","3.1.9",NA,"R (>= 3.1)","brio, callr (>= 3.5.1), cli (>= 3.4.0), desc, digest, ellipsis
(>= 0.2.0), evaluate, jsonlite, lifecycle, magrittr, methods,
pkgload (>= 1.3.0), praise, processx, ps (>= 1.3.4), R6 (>=
2.2.0), rlang (>= 1.1.0), utils, waldo (>= 0.5.0), withr (>=
2.4.3)",NA,"covr, curl (>= 0.9.5), diffviewer (>= 0.1.0), knitr,
rmarkdown, rstudioapi, shiny, usethis, vctrs (>= 0.1.0), xml2",NA,"MIT + file LICENSE",NA,NA,NA,NA,"yes","4.3.0"
"textshaping","textshaping","/Library/Frameworks/R.framework/Versions/4.3-arm64/Resources/library","0.3.6",NA,"R (>= 3.2.0)","systemfonts (>= 1.0.0)","cpp11 (>= 0.2.1), systemfonts (>= 1.0.0)","covr, knitr, rmarkdown",NA,"MIT + file LICENSE",NA,NA,NA,NA,"yes","4.3.0"
"TH.data","TH.data","/Library/Frameworks/R.framework/Versions/4.3-arm64/Resources/library","1.1-2",NA,"R (>= 3.5.0), survival, MASS",NA,NA,"trtf, tram, rms, coin, ATR, multcomp, gridExtra, vcd,
colorspace, lattice, knitr",NA,"GPL-3",NA,NA,NA,NA,"no","4.3.0"
"tibble","tibble","/Library/Frameworks/R.framework/Versions/4.3-arm64/Resources/library","3.2.1",NA,"R (>= 3.4.0)","fansi (>= 0.4.0), lifecycle (>= 1.0.0), magrittr, methods,
pillar (>= 1.8.1), pkgconfig, rlang (>= 1.0.2), utils, vctrs
(>= 0.4.2)",NA,"bench, bit64, blob, brio, callr, cli, covr, crayon (>=
1.3.4), DiagrammeR, dplyr, evaluate, formattable, ggplot2,
here, hms, htmltools, knitr, lubridate, mockr, nycflights13,
pkgbuild, pkgload, purrr, rmarkdown, stringi, testthat (>=
3.0.2), tidyr, withr",NA,"MIT + file LICENSE",NA,NA,NA,NA,"yes","4.3.0"
"tidyr","tidyr","/Library/Frameworks/R.framework/Versions/4.3-arm64/Resources/library","1.3.0",NA,"R (>= 3.4.0)","cli (>= 3.4.1), dplyr (>= 1.0.10), glue, lifecycle (>= 1.0.3),
magrittr, purrr (>= 1.0.1), rlang (>= 1.0.4), stringr (>=
1.5.0), tibble (>= 2.1.1), tidyselect (>= 1.2.0), utils, vctrs
(>= 0.5.2)","cpp11 (>= 0.4.0)","covr, data.table, knitr, readr, repurrrsive (>= 1.1.0),
rmarkdown, testthat (>= 3.0.0)",NA,"MIT + file LICENSE",NA,NA,NA,NA,"yes","4.3.0"
"tidyselect","tidyselect","/Library/Frameworks/R.framework/Versions/4.3-arm64/Resources/library","1.2.0",NA,"R (>= 3.4)","cli (>= 3.3.0), glue (>= 1.3.0), lifecycle (>= 1.0.3), rlang
(>= 1.0.4), vctrs (>= 0.4.1), withr",NA,"covr, crayon, dplyr, knitr, magrittr, rmarkdown, stringr,
testthat (>= 3.1.1), tibble (>= 2.1.3)",NA,"MIT + file LICENSE",NA,NA,NA,NA,"no","4.3.0"
"tidyverse","tidyverse","/Library/Frameworks/R.framework/Versions/4.3-arm64/Resources/library","2.0.0",NA,"R (>= 3.3)","broom (>= 1.0.3), conflicted (>= 1.2.0), cli (>= 3.6.0),
dbplyr (>= 2.3.0), dplyr (>= 1.1.0), dtplyr (>= 1.2.2), forcats
(>= 1.0.0), ggplot2 (>= 3.4.1), googledrive (>= 2.0.0),
googlesheets4 (>= 1.0.1), haven (>= 2.5.1), hms (>= 1.1.2),
httr (>= 1.4.4), jsonlite (>= 1.8.4), lubridate (>= 1.9.2),
magrittr (>= 2.0.3), modelr (>= 0.1.10), pillar (>= 1.8.1),
purrr (>= 1.0.1), ragg (>= 1.2.5), readr (>= 2.1.4), readxl (>=
1.4.2), reprex (>= 2.0.2), rlang (>= 1.0.6), rstudioapi (>=
0.14), rvest (>= 1.0.3), stringr (>= 1.5.0), tibble (>= 3.1.8),
tidyr (>= 1.3.0), xml2 (>= 1.3.3)",NA,"covr (>= 3.6.1), feather (>= 0.3.5), glue (>= 1.6.2), mockr
(>= 0.2.0), knitr (>= 1.41), rmarkdown (>= 2.20), testthat (>=
3.1.6)",NA,"MIT + file LICENSE",NA,NA,NA,NA,"no","4.3.0"
"timechange","timechange","/Library/Frameworks/R.framework/Versions/4.3-arm64/Resources/library","0.2.0",NA,"R (>= 3.3)",NA,"cpp11 (>= 0.2.7)","testthat (>= 0.7.1.99), knitr",NA,"GPL-3",NA,NA,NA,NA,"yes","4.3.0"
"tinytex","tinytex","/Library/Frameworks/R.framework/Versions/4.3-arm64/Resources/library","0.45",NA,NA,"xfun (>= 0.29)",NA,"testit, rstudioapi",NA,"MIT + file LICENSE",NA,NA,NA,NA,"no","4.3.0"
"tools","tools","/Library/Frameworks/R.framework/Versions/4.3-arm64/Resources/library","4.3.0","base",NA,NA,NA,"codetools, methods, xml2, curl, commonmark, knitr, xfun, mathjaxr, V8",NA,"Part of R 4.3.0",NA,NA,NA,NA,"yes","4.3.0"
"tzdb","tzdb","/Library/Frameworks/R.framework/Versions/4.3-arm64/Resources/library","0.4.0",NA,"R (>= 3.5.0)",NA,"cpp11 (>= 0.4.2)","covr, testthat (>= 3.0.0)",NA,"MIT + file LICENSE",NA,NA,NA,NA,"yes","4.3.0"
"utf8","utf8","/Library/Frameworks/R.framework/Versions/4.3-arm64/Resources/library","1.2.3",NA,"R (>= 2.10)",NA,NA,"cli, covr, knitr, rlang, rmarkdown, testthat (>= 3.0.0),
withr",NA,"Apache License (== 2.0) | file LICENSE",NA,NA,NA,NA,"yes","4.3.0"
"utils","utils","/Library/Frameworks/R.framework/Versions/4.3-arm64/Resources/library","4.3.0","base",NA,NA,NA,"methods, xml2, commonmark, knitr",NA,"Part of R 4.3.0",NA,NA,NA,NA,"yes","4.3.0"
"uuid","uuid","/Library/Frameworks/R.framework/Versions/4.3-arm64/Resources/library","1.1-0",NA,"R (>= 2.9.0)",NA,NA,NA,NA,"MIT + file LICENSE",NA,NA,NA,NA,"yes","4.3.0"
"V8","V8","/Library/Frameworks/R.framework/Versions/4.3-arm64/Resources/library","4.3.3",NA,NA,"Rcpp (>= 0.12.12), jsonlite (>= 1.0), curl (>= 1.0), utils","Rcpp","testthat, knitr, rmarkdown",NA,"MIT + file LICENSE",NA,NA,NA,NA,"yes","4.3.0"
"vctrs","vctrs","/Library/Frameworks/R.framework/Versions/4.3-arm64/Resources/library","0.6.2",NA,"R (>= 3.5.0)","cli (>= 3.4.0), glue, lifecycle (>= 1.0.3), rlang (>= 1.1.0)",NA,"bit64, covr, crayon, dplyr (>= 0.8.5), generics, knitr,
pillar (>= 1.4.4), pkgdown (>= 2.0.1), rmarkdown, testthat (>=
3.0.0), tibble (>= 3.1.3), waldo (>= 0.2.0), withr, xml2,
zeallot",NA,"MIT + file LICENSE",NA,NA,NA,NA,"yes","4.3.0"
"viridis","viridis","/Library/Frameworks/R.framework/Versions/4.3-arm64/Resources/library","0.6.3",NA,"R (>= 2.10), viridisLite (>= 0.4.0)","ggplot2 (>= 1.0.1), gridExtra",NA,"hexbin (>= 1.27.0), scales, MASS, knitr, dichromat,
colorspace, httr, mapproj, vdiffr, svglite (>= 1.2.0),
testthat, covr, rmarkdown, maps, terra",NA,"MIT + file LICENSE",NA,NA,NA,NA,"no","4.3.0"
"viridisLite","viridisLite","/Library/Frameworks/R.framework/Versions/4.3-arm64/Resources/library","0.4.2",NA,"R (>= 2.10)",NA,NA,"hexbin (>= 1.27.0), ggplot2 (>= 1.0.1), testthat, covr",NA,"MIT + file LICENSE",NA,NA,NA,NA,"no","4.3.0"
"vroom","vroom","/Library/Frameworks/R.framework/Versions/4.3-arm64/Resources/library","1.6.3",NA,"R (>= 3.4)","bit64, cli (>= 3.2.0), crayon, glue, hms, lifecycle (>=
1.0.3), methods, rlang (>= 0.4.2), stats, tibble (>= 2.0.0),
tidyselect, tzdb (>= 0.1.1), vctrs (>= 0.2.0), withr","cpp11 (>= 0.2.0), progress (>= 1.2.1), tzdb (>= 0.1.1)","archive, bench (>= 1.1.0), covr, curl, dplyr, forcats, fs,
ggplot2, knitr, patchwork, prettyunits, purrr, rmarkdown,
rstudioapi, scales, spelling, testthat (>= 2.1.0), tidyr,
utils, waldo, xml2",NA,"MIT + file LICENSE",NA,NA,NA,NA,"yes","4.3.0"
"waldo","waldo","/Library/Frameworks/R.framework/Versions/4.3-arm64/Resources/library","0.5.1",NA,NA,"cli, diffobj (>= 0.3.4), fansi, glue, methods, rematch2, rlang
(>= 1.0.0), tibble",NA,"covr, R6, testthat (>= 3.0.0), withr, xml2",NA,"MIT + file LICENSE",NA,NA,NA,NA,"no","4.3.0"
"webshot","webshot","/Library/Frameworks/R.framework/Versions/4.3-arm64/Resources/library","0.5.5",NA,"R (>= 3.0)","magrittr, jsonlite, callr",NA,"httpuv, knitr, rmarkdown, shiny, testthat (>= 3.0.0)",NA,"GPL-2",NA,NA,NA,NA,"no","4.3.0"
"withr","withr","/Library/Frameworks/R.framework/Versions/4.3-arm64/Resources/library","2.5.0",NA,"R (>= 3.2.0)","graphics, grDevices, stats",NA,"callr, covr, DBI, knitr, lattice, methods, rlang, rmarkdown
(>= 2.12), RSQLite, testthat (>= 3.0.0)",NA,"MIT + file LICENSE",NA,NA,NA,NA,"no","4.3.0"
"xfun","xfun","/Library/Frameworks/R.framework/Versions/4.3-arm64/Resources/library","0.39",NA,NA,"stats, tools",NA,"testit, parallel, codetools, rstudioapi, tinytex (>= 0.30),
mime, markdown (>= 1.5), knitr (>= 1.42), htmltools, remotes,
pak, rhub, renv, curl, jsonlite, magick, yaml, rmarkdown",NA,"MIT + file LICENSE",NA,NA,NA,NA,"yes","4.3.0"
"XML","XML","/Library/Frameworks/R.framework/Versions/4.3-arm64/Resources/library","3.99-0.14",NA,"R (>= 4.0.0), methods, utils",NA,NA,"bitops, RCurl",NA,"BSD_3_clause + file LICENSE",NA,NA,NA,NA,"yes","4.3.0"
"xml2","xml2","/Library/Frameworks/R.framework/Versions/4.3-arm64/Resources/library","1.3.4",NA,"R (>= 3.1.0)","methods",NA,"covr, curl, httr, knitr, magrittr, mockery, rmarkdown,
testthat (>= 2.1.0)",NA,"MIT + file LICENSE",NA,NA,NA,NA,"yes","4.3.0"
"xtable","xtable","/Library/Frameworks/R.framework/Versions/4.3-arm64/Resources/library","1.8-4",NA,"R (>= 2.10.0)","stats, utils",NA,"knitr, plm, zoo, survival",NA,"GPL (>= 2)",NA,NA,NA,NA,"no","4.3.0"
"yaml","yaml","/Library/Frameworks/R.framework/Versions/4.3-arm64/Resources/library","2.3.7",NA,NA,NA,NA,"RUnit",NA,"BSD_3_clause + file LICENSE",NA,NA,NA,NA,"yes","4.3.0"
"zoo","zoo","/Library/Frameworks/R.framework/Versions/4.3-arm64/Resources/library","1.8-12",NA,"R (>= 3.1.0), stats","utils, graphics, grDevices, lattice (>= 0.20-27)",NA,"AER, coda, chron, ggplot2 (>= 3.0.0), mondate, scales,
stinepack, strucchange, timeDate, timeSeries, tis, tseries, xts",NA,"GPL-2 | GPL-3",NA,NA,NA,NA,"yes","4.3.0"
